name,is_open,latitude,longitude,stars_x,cool,funny,stars_y,simid,usid,penne alla vodka score,penne alla vodka ratio,tacos score,tacos ratio,taco|tacos score,taco|tacos ratio,taco score,taco ratio,Weighted taco score,geometry,x,y,Weighted taco score 2
Viajero Cantina,1.0,43.655278599999995,-79.4563399,4.5,0.09090909090909091,0.0,4.7272727272727275,3032.0,45852.36363636364,,,,,5.158147590910548,0.8181818181818182,5.1552158526662195,0.8181818181818182,6.325280893227439,POINT (-79.4563399 43.6552786),-79.4563399,43.655278599999995,1.0
El Nahual Tacos,1.0,43.666327400000135,-79.40658739999994,4.5,0.8869565217391304,0.3565217391304348,4.643478260869565,2257.0,40018.7652173913,,,4.66818249183201,0.7739130434782598,4.666684776731014,0.8434782608695642,4.669679163245477,0.8434782608695642,5.765892370896283,POINT (-79.40658739999994 43.66632740000014),-79.40658739999994,43.666327400000135,0.8764438295703869
Itacate,1.0,43.67939085469999,-79.43716116250003,4.5,0.5142857142857142,0.5428571428571428,4.457142857142857,4658.0,44200.4,,,4.460557691399876,0.7142857142857144,4.523210307463122,0.8571428571428574,4.515759361634536,0.8571428571428574,5.594920169193583,POINT (-79.43716116250003 43.67939085469999),-79.43716116250003,43.67939085469999,0.8386799684095044
Fish Street Market & Open Kitchen,0.0,43.7143052,-79.40013900000001,4.5,0.13846153846153847,0.12307692307692308,4.461538461538462,6327.0,43263.61538461538,,,4.65790548963651,0.21538461538461512,4.687703455199463,0.36923076923076903,4.68778303570097,0.36923076923076903,5.141102048102209,POINT (-79.40013900000001 43.7143052),-79.40013900000001,43.7143052,0.7384418925906765
La Marquesita,1.0,43.657343100000006,-79.3810078,4.0,0.15384615384615385,0.0,4.076923076923077,1226.0,44746.307692307695,,,,,4.319006131344402,0.6923076923076923,4.316549348570098,0.6923076923076923,5.132193980406272,POINT (-79.38100780000001 43.65734310000001),-79.3810078,43.657343100000006,0.7364743035421006
Mister Frenchy,0.0,43.6789095,-79.3441877,4.0,0.5,1.0,4.233333333333333,1893.0,47088.833333333336,,,,,4.368142853696269,0.633333333333333,4.369972037467381,0.633333333333333,5.119669794303195,POINT (-79.34418770000001 43.6789095),-79.3441877,43.6789095,0.7337079963855018
Perola Supermarket,1.0,43.65494260000001,-79.40196,4.0,1.0,0.2,3.933333333333333,2265.0,44018.46666666667,,,,,4.614202307353067,0.4000000000000001,4.608986532754235,0.4000000000000001,5.093717877802295,POINT (-79.40196 43.65494260000001),-79.40196,43.65494260000001,0.7279758097385579
Me.n.u Food Truck,1.0,43.64852029999998,-79.39798549999999,4.0,1.4666666666666666,0.4666666666666667,4.066666666666666,1630.0,35496.73333333333,,,,,4.275713141037951,0.6999999999999996,4.271526207245045,0.6999999999999996,5.088439433541195,POINT (-79.39798549999999 43.64852029999998),-79.39798549999999,43.64852029999998,0.7268099217507069
El Pocho Antojitos Bar,1.0,43.66964090000006,-79.4134258,4.5,0.3,0.1,4.266666666666667,4795.0,32730.55,,,4.293193643883172,0.5833333333333331,4.310448642436319,0.6499999999999992,4.31038901108139,0.6499999999999992,5.070949903946414,POINT (-79.4134258 43.66964090000006),-79.4134258,43.66964090000006,0.7229468834274657
Hotmess Tex Mex,1.0,43.65495429999999,-79.41463879999998,4.0,0.16666666666666666,0.125,4.0,6234.0,42774.666666666664,,,,,4.443070575351261,0.5,4.43222919664825,0.5,5.022373657819587,POINT (-79.41463879999998 43.65495429999999),-79.41463879999998,43.65495429999999,0.7122174982047135
Her Father's Cider Bar & Kitchen,1.0,43.66232560000005,-79.40457059999983,4.5,0.5714285714285714,0.22077922077922077,4.623376623376624,590.0,37101.896103896106,,,,,4.851240336456233,0.03896103896103903,4.870103286253433,0.03896103896103903,4.9177711289439765,POINT (-79.40457059999983 43.66232560000005),-79.40457059999983,43.66232560000005,0.6891131845315196
Superfood Eateries,0.0,43.64807040000004,-79.38983850000012,4.5,0.203125,0.125,4.46875,2482.0,43535.21875,,,4.623719393575135,0.1875,4.676591787096976,0.203125,4.674069775212951,0.203125,4.917554796483017,POINT (-79.38983850000012 43.64807040000004),-79.38983850000012,43.64807040000004,0.6890654016233105
Tacos Baos,0.0,43.661972999999996,-79.4265865,4.0,0.3,0.05,3.9,1099.0,37611.9,,,3.942973324379308,0.6999999999999997,3.8885208045631297,0.9,3.9034121522021232,0.9,4.888331708862094,POINT (-79.4265865 43.661973),-79.4265865,43.661972999999996,0.6826106878592109
Completo,1.0,43.66263280000014,-79.33405750000016,4.5,0.4864864864864865,0.2905405405405405,4.391891891891892,6468.0,39774.68918918919,,,4.417353310145436,0.3648648648648637,4.4252685432450445,0.39189189189189294,4.414518849757198,0.39189189189189294,4.868918411274421,POINT (-79.33405750000016 43.66263280000014),-79.33405750000016,43.66263280000014,0.6783227330485767
El Charro,1.0,43.67714280000003,-79.35900649999992,4.0,0.09523809523809523,0.25396825396825395,4.190476190476191,296.0,40155.4126984127,,,4.273254640128041,0.4761904761904754,4.218748333864199,0.5396825396825403,4.216569300382674,0.5396825396825403,4.825635665898551,POINT (-79.35900649999992 43.67714280000003),-79.35900649999992,43.67714280000003,0.6687625614489946
Mavrik Wine Bar,0.0,43.64661249999997,-79.40735670000002,4.0,1.0606060606060606,0.7272727272727273,3.878787878787879,4846.0,44589.90909090909,,,,,4.411737447027691,0.3030303030303029,4.468707859029333,0.3030303030303029,4.8203998113050135,POINT (-79.40735670000002 43.64661249999997),-79.40735670000002,43.64661249999997,0.6676060805476565
MEXITACO,1.0,43.70861810000003,-79.29568329999991,4.0,0.6542056074766355,0.27102803738317754,3.9626168224299065,2403.0,36263.04672897196,,,4.136298476608887,0.5794392523364492,4.09372361927008,0.644859813084111,4.100420915483129,0.644859813084111,4.817738292539379,POINT (-79.29568329999991 43.70861810000003),-79.29568329999991,43.70861810000003,0.6670182117354078
Wilbur Mexicana,1.0,43.644877499999915,-79.39879810000023,4.0,0.3859964093357271,0.22082585278276481,4.098743267504489,3637.0,40514.76301615799,,,4.12244353376146,0.5170556552962272,4.0815132542582235,0.6517055655296161,4.081033909390447,0.6517055655296161,4.803173075272506,POINT (-79.39879810000023 43.64487749999991),-79.39879810000023,43.644877499999915,0.6638010873305835
Playa Cabana,1.0,43.675957769299835,-79.40118402240029,4.0,0.3830275229357798,0.25229357798165136,3.9610091743119265,2873.0,39513.30963302752,,,4.141823032655516,0.525229357798167,4.131050381624793,0.5825688073394472,4.135866320988039,0.5825688073394472,4.784296622103941,POINT (-79.40118402240029 43.67595776929983),-79.40118402240029,43.675957769299835,0.6596317092119867
Azarias,1.0,43.64699810000001,-79.51319539999993,4.5,0.22535211267605634,0.08450704225352113,4.338028169014085,7115.0,38375.77464788732,,,4.432518862725506,0.29577464788732394,4.407359929951559,0.3239436619718316,4.404553111994914,0.3239436619718316,4.776101937514738,POINT (-79.51319539999993 43.64699810000001),-79.51319539999993,43.64699810000001,0.6578216902264326
Plaza Latina,1.0,43.7512345,-79.55200220000005,4.0,1.2439024390243902,1.024390243902439,3.8780487804878048,6707.0,37965.0,,,,,4.497597436688719,0.19512195121951229,4.48975067689265,0.19512195121951229,4.714192594270463,POINT (-79.55200220000005 43.7512345),-79.55200220000005,43.7512345,0.6441473278473153
Tea N Bannock,1.0,43.67118200000003,-79.32735570000007,4.5,0.0975609756097561,0.04878048780487805,4.341463414634147,1447.0,38056.70731707317,,,,,4.444223378438087,0.21951219512195128,4.456550977046392,0.21951219512195128,4.707952933009687,POINT (-79.32735570000007 43.67118200000003),-79.32735570000007,43.67118200000003,0.6427691289401467
Mi'Hito Sushi Laboratory,1.0,43.6576212,-79.40088490000005,4.0,0.2549019607843137,0.058823529411764705,4.098039215686274,3409.0,39283.37254901961,,,4.377361655158208,0.23529411764705854,4.372922025499835,0.27450980392156893,4.381956193589466,0.27450980392156893,4.69323774585842,POINT (-79.40088490000005 43.6576212),-79.40088490000005,43.6576212,0.6395188796071988
Grand Electric,1.0,43.64167449999954,-79.43160789999874,3.5,0.422316384180791,0.4322033898305085,3.694915254237288,2639.0,38871.92796610169,,,3.767861462897923,0.7358757062146953,3.754366002480905,0.8587570621468815,3.753073396937584,0.8587570621468815,4.651846987598029,POINT (-79.43160789999874 43.64167449999954),-79.43160789999874,43.64167449999954,0.6303766048237982
Local44 Kitchen & Bar,1.0,43.7839705,-79.2534171,4.0,0.5454545454545454,0.2727272727272727,3.772727272727273,7053.0,37143.27272727273,,,,,4.2704933643839516,0.3181818181818183,4.281182651850883,0.3181818181818183,4.635642212046835,POINT (-79.25341709999999 43.7839705),-79.2534171,43.7839705,0.6267973393761749
The Irv Gastro Pub,1.0,43.66353989999998,-79.37058259999989,4.5,0.24166666666666667,0.18333333333333332,4.383333333333334,5771.0,44853.708333333336,,,,,4.539150873603873,0.0666666666666666,4.558404461181568,0.0666666666666666,4.6350145125903905,POINT (-79.37058259999989 43.66353989999998),-79.37058259999989,43.66353989999998,0.6266586948779006
Chula Taberna Mexicana,1.0,43.66925619999993,-79.33590220000019,4.0,0.21,0.04,3.8,270.0,43403.91,,,3.779727553650768,0.6099999999999995,3.8677606698450417,0.71,3.8795991801357945,0.71,4.633126194333545,POINT (-79.33590220000019 43.66925619999993),-79.33590220000019,43.66925619999993,0.6262416084289404
Rickshaw Bar,1.0,43.6467862999999,-79.40494380000013,4.0,1.0934579439252337,0.5327102803738317,4.214953271028038,4328.0,40164.31775700935,,,4.515185580144247,0.14953271028037382,4.39694680094182,0.20560747663551385,4.400433808013747,0.20560747663551385,4.632538536890894,POINT (-79.40494380000013 43.6467862999999),-79.40494380000013,43.6467862999999,0.6261118082985483
Banh Mi Boys,1.0,43.64882699999952,-79.3969701000013,4.5,0.479185119574845,0.35783879539415414,4.265721877767937,2718.0,40223.69176262179,,,4.365065479732647,0.10983170947741586,4.363746605350021,0.22674933569530295,4.365033195903378,0.22674933569530295,4.619623130143957,POINT (-79.3969701000013 43.64882699999952),-79.3969701000013,43.64882699999952,0.6232590894216179
Sho Izakaya,1.0,43.641153000000024,-79.43447530000002,4.0,0.6571428571428571,0.11428571428571428,4.2,13.0,35504.828571428574,,,,,4.38721576414845,0.2000000000000001,4.378385786746304,0.2000000000000001,4.6028704263899884,POINT (-79.43447530000002 43.64115300000002),-79.43447530000002,43.641153000000024,0.6195587991268579
The Haam,1.0,43.647387300000126,-79.3931219999999,4.0,0.7844036697247706,0.3256880733944954,4.10091743119266,2517.0,41021.935779816515,,,4.143496802751119,0.2568807339449536,4.191917448334178,0.34862385321100925,4.204165769698195,0.34862385321100925,4.587025831061648,POINT (-79.39312199999991 43.64738730000013),-79.3931219999999,43.647387300000126,0.6160590892782926
Drift,0.0,43.660366499999945,-79.43259570000006,4.0,0.7846153846153846,0.38461538461538464,4.123076923076923,2475.0,39028.96923076923,,,,,4.48322460269827,0.09230769230769226,4.4772342925250905,0.09230769230769226,4.581756470504562,POINT (-79.43259570000006 43.66036649999995),-79.43259570000006,43.660366499999945,0.6148952076735482
This End Up,0.0,43.64971799999996,-79.43060419999995,4.0,2.0392156862745097,1.411764705882353,4.196078431372549,3372.0,44124.76470588235,,,,,4.293432311004941,0.23529411764705854,4.315833307320781,0.23529411764705854,4.577321281711111,POINT (-79.43060419999995 43.64971799999996),-79.43060419999995,43.64971799999996,0.6139155755921328
Kensington Market,1.0,43.654521633799966,-79.40184116359995,4.0,2.9169811320754717,1.860377358490566,4.252830188679245,1268.0,38739.42641509434,,,4.537805593830405,0.07547169811320806,4.467268908033924,0.09811320754716948,4.459484119250547,0.09811320754716948,4.570220224434424,POINT (-79.40184116359995 43.65452163379997),-79.40184116359995,43.654521633799966,0.6123471139450248
Mi'hito Sushi Laboratory,1.0,43.6581944005781,-79.38260908144534,4.0,0.265625,0.046875,4.015625,3299.296875,40666.0,,,,,4.301107565424779,0.2542372881355934,4.282913696649452,0.2542372881355934,4.563970052289619,POINT (-79.38260908144534 43.6581944005781),-79.38260908144534,43.6581944005781,0.6109665934232242
Indie Ale House,1.0,43.66544137829991,-79.46523821359982,4.0,0.29959514170040485,0.2388663967611336,4.076923076923077,6921.0,36980.31174089069,,,4.530190666645674,0.04858299595141701,4.512396697364218,0.05263157894736825,4.495553830412869,0.05263157894736825,4.555096725013394,POINT (-79.46523821359982 43.66544137829991),-79.46523821359982,43.66544137829991,0.6090066777412754
Bunny's,0.0,43.66073609999996,-79.34231230000006,4.0,0.05263157894736842,0.05263157894736842,3.8421052631578947,2870.0,46674.78947368421,,,,,4.363205421400608,0.15789473684210528,4.357327830646626,0.15789473684210528,4.532767457825005,POINT (-79.34231230000006 43.66073609999996),-79.34231230000006,43.66073609999996,0.6040746517304455
Como En Casa,1.0,43.66533914639997,-79.38449966510005,4.0,0.2914798206278027,0.14798206278026907,4.017937219730942,5620.0,39414.973094170404,,,4.061420560815001,0.3452914798206294,4.0312330055792325,0.4663677130044863,4.019533947421873,0.4663677130044863,4.516592738591386,POINT (-79.38449966510005 43.66533914639997),-79.38449966510005,43.66533914639997,0.6005020250380855
DaiLo,1.0,43.65584900000017,-79.40987239999968,4.0,0.7142857142857143,0.3516483516483517,4.168498168498169,4388.0,42167.6336996337,,,4.28667668598086,0.13919413919413887,4.272289576566234,0.22710622710622644,4.264177908879672,0.22710622710622644,4.513288143468916,POINT (-79.40987239999968 43.65584900000017),-79.40987239999968,43.65584900000017,0.5997721153208619
Emporium Latino,1.0,43.65484890000003,-79.40196240000013,4.0,1.3333333333333333,0.8636363636363636,4.242424242424242,2088.0,37713.15151515151,,,,,4.3448747455245265,0.1818181818181817,4.308561153811299,0.1818181818181817,4.508924048210698,POINT (-79.40196240000013 43.65484890000003),-79.40196240000013,43.65484890000003,0.5988081861804349
Mad Mexican,0.0,43.65779049999999,-79.48780059999994,4.0,0.20689655172413793,0.1724137931034483,3.9310344827586206,4032.0,42833.379310344826,,,3.9654823675423647,0.4827586206896549,3.9486423403179027,0.5172413793103451,3.9519520017833107,0.5172413793103451,4.497492320521514,POINT (-79.48780059999994 43.65779049999999),-79.48780059999994,43.65779049999999,0.5962831781792274
Black Hoof,0.0,43.65097750000016,-79.41327969999917,4.0,1.1197478991596639,0.9096638655462185,4.182773109243698,5976.0,40235.88025210084,,,4.358819645989794,0.1302521008403371,4.334276912057657,0.14075630252100724,4.332692133459202,0.14075630252100724,4.487869832173736,POINT (-79.41327969999917 43.65097750000016),-79.41327969999917,43.65097750000016,0.5941577898975723
Mexican Salsas,0.0,43.654958799999996,-79.40203830000006,4.0,0.6909090909090909,0.45454545454545453,3.8363636363636364,5765.0,37859.25454545455,,,3.9186758333205574,0.5090909090909087,3.8285744099700882,0.6181818181818175,3.8328427579689133,0.6181818181818175,4.473415527112652,POINT (-79.40203830000006 43.6549588),-79.40203830000006,43.654958799999996,0.5909651634701899
The Annex Food Hall,1.0,43.6662561449,-79.40650940719993,3.5,0.5897435897435898,0.23076923076923078,3.6153846153846154,486.0,41081.64102564102,,,4.147245624713549,0.2820512820512822,4.107961883217572,0.3076923076923078,4.132089380981852,0.3076923076923078,4.462487113432996,POINT (-79.40650940719993 43.6662561449),-79.40650940719993,43.6662561449,0.5885513260580422
Folly Brewing,1.0,43.654003399999986,-79.42595120000003,4.0,0.21428571428571427,0.14285714285714285,4.178571428571429,4060.0,45878.57142857143,,,,,4.2413416299451265,0.21428571428571436,4.223392013043381,0.21428571428571436,4.455815194282789,POINT (-79.42595120000003 43.65400339999999),-79.42595120000003,43.654003399999986,0.5870776512386516
Nomé Izakaya,1.0,43.762649536100064,-79.41146850590081,4.0,0.4263565891472868,0.24651162790697675,3.973643410852713,3344.0,41199.84496124031,,,4.294755182793936,0.12093023255813871,4.301417005005405,0.12713178294573768,4.310802520159708,0.12713178294573768,4.450013064836351,POINT (-79.41146850590081 43.76264953610006),-79.41146850590081,43.762649536100064,0.5857960931334704
Rally Sports Bar + Smokehouse,1.0,43.71746609999994,-79.30501199999986,4.0,0.38613861386138615,0.1485148514851485,4.03960396039604,3510.0,39672.64356435643,,,,,4.262396981565089,0.16831683168316797,4.26404886619537,0.16831683168316797,4.447305267531378,POINT (-79.30501199999986 43.71746609999994),-79.30501199999986,43.71746609999994,0.5851980024470403
Aft Kitchen & Bar,0.0,43.65880899999985,-79.35078099999981,4.0,0.3469387755102041,0.1836734693877551,4.0272108843537415,2791.0,37853.727891156464,,,,,4.478617647708087,0.04081632653061214,4.400598445318178,0.04081632653061214,4.445732394714857,POINT (-79.35078099999981 43.65880899999985),-79.35078099999981,43.65880899999985,0.5848505907036383
Fresh on Spadina,1.0,43.64809009999987,-79.39569530000064,4.0,0.5580808080808081,0.33080808080808083,3.8207070707070705,4814.0,40703.042929292926,,,4.325644726354326,0.07575757575757525,4.328095362212481,0.08585858585858559,4.3166554042673075,0.08585858585858559,4.410312448233721,POINT (-79.39569530000064 43.64809009999987),-79.39569530000064,43.64809009999987,0.5770271321067524
Reyna,1.0,43.65035219999999,-79.38379510000001,3.5,0.3,0.2,3.3,974.0,22693.4,,,,,3.664569274724004,0.7999999999999999,3.610419508033857,0.7999999999999999,4.4097763452278365,POINT (-79.38379510000001 43.65035219999999),-79.38379510000001,43.65035219999999,0.5769087191759922
Fresh On Front,1.0,43.64775340000004,-79.37427399999987,4.0,0.22388059701492538,0.13432835820895522,3.970149253731343,2106.0,39782.9552238806,,,,,4.235072407874326,0.119402985074627,4.269931117163873,0.119402985074627,4.399313216434341,POINT (-79.37427399999987 43.64775340000004),-79.37427399999987,43.64775340000004,0.574597652586623
Sofi's Mexican Bar & Grill,0.0,43.78356031339996,-79.1705825197,3.5,0.1,0.06,3.72,6244.0,39614.34,,,3.7324875263037707,0.3800000000000001,3.869579523066299,0.5,3.8688887335880207,0.5,4.384025283552939,POINT (-79.17058251970001 43.78356031339996),-79.1705825197,43.78356031339996,0.5712208967805881
Local Liberty Village,1.0,43.63846892619997,-79.41921249029974,4.0,0.21033210332103322,0.23247232472324722,3.811808118081181,4146.0,37741.92250922509,,,4.200241156202411,0.17712177121771286,4.1411570434907725,0.20295202952029556,4.143770531078422,0.20295202952029556,4.359442303026321,POINT (-79.41921249029974 43.63846892619997),-79.41921249029974,43.63846892619997,0.5657910768783905
El Caballito,0.0,43.647431999999895,-79.38707470000007,3.5,0.29004329004329005,0.2597402597402597,3.5584415584415585,4978.0,38936.683982683986,,,3.6093932383675673,0.6666666666666665,3.591982643773891,0.7619047619047599,3.5962462646736766,0.7619047619047599,4.350830679552986,POINT (-79.38707470000007 43.6474319999999),-79.38707470000007,43.647431999999895,0.5638889655996088
Eastside Social,1.0,43.661432,-79.339113,4.0,0.16417910447761194,0.16417910447761194,4.104477611940299,4541.0,42351.46268656717,,,4.123847879374777,0.29850746268656686,4.0345763815413935,0.3134328358208953,4.004917423998059,0.3134328358208953,4.33135822663896,POINT (-79.339113 43.661432),-79.339113,43.661432,0.5595879447261349
The Combine Eatery,0.0,43.67664199999994,-79.35742099999995,3.5,0.9382716049382716,0.7654320987654321,3.6296296296296298,6031.0,40476.864197530864,,,3.6655304543734015,0.666666666666666,3.659805624800603,0.666666666666666,3.664008394106708,0.666666666666666,4.328514469205093,POINT (-79.35742099999995 43.67664199999994),-79.35742099999995,43.67664199999994,0.5589598235471464
Katana on Bay,1.0,43.65030440000007,-79.3804595000001,3.5,0.41935483870967744,0.23655913978494625,3.6344086021505375,4412.0,39081.86021505376,,,,,4.250869260925701,0.07526881720430102,4.236113248553182,0.07526881720430102,4.316579760054203,POINT (-79.3804595000001 43.65030440000007),-79.3804595000001,43.65030440000007,0.5563237184091109
Duke's Refresher + Bar,1.0,43.6590440287,-79.38307072469982,4.0,0.84375,0.34375,3.875,1984.0,40449.057291666664,,,4.164077143729516,0.078125,4.16362840783859,0.08333333333333355,4.205831213327115,0.08333333333333355,4.294371792235667,POINT (-79.38307072469982 43.6590440287),-79.38307072469982,43.6590440287,0.5514184846634353
Assembly Chef's Hall,1.0,43.65035220000016,-79.38379509999977,4.0,1.0214285714285714,0.5107142857142857,3.9392857142857145,4617.0,41201.18571428571,,,4.1915063705456195,0.13571428571428606,4.085801025192344,0.19285714285714303,4.081379394149287,0.19285714285714303,4.282981176941443,POINT (-79.38379509999977 43.65035220000016),-79.38379509999977,43.65035220000016,0.5489025574529051
Thrive Organic Kitchen & Café,1.0,43.59519879999997,-79.53028579999973,4.0,0.8188976377952756,0.5433070866141733,3.968503937007874,2473.0,42386.71653543307,,,,,4.208209873598422,0.08661417322834634,4.1891474087161775,0.08661417322834634,4.28084651591431,POINT (-79.53028579999973 43.59519879999997),-79.53028579999973,43.59519879999997,0.5484310595026454
Booyah,1.0,43.68151600000006,-79.41841000000012,4.0,0.13114754098360656,0.09836065573770492,3.80327868852459,70.0,38478.229508196724,,,,,3.9363594304992446,0.32786885245901615,3.9369355128495935,0.32786885245901615,4.273229417167494,POINT (-79.41841000000012 43.68151600000006),-79.41841000000012,43.68151600000006,0.5467486160606192
Nakamori,1.0,43.73700310000003,-79.24470629999998,4.0,0.5346534653465347,0.48514851485148514,4.108910891089109,3113.0,39901.46534653466,,,,,4.2111109621916,0.09900990099009908,4.161392026544205,0.09900990099009908,4.265682174634391,POINT (-79.24470629999998 43.73700310000003),-79.24470629999998,43.73700310000003,0.5450816022634687
Union Social Eatery,1.0,43.6877945163999,-79.39506925639992,4.0,0.22818791946308725,0.19463087248322147,3.7651006711409396,191.0,39287.342281879195,,,4.184643865486918,0.1208053691275168,4.1345569048275355,0.13422818791946292,4.123912868047559,0.13422818791946292,4.264647315922199,POINT (-79.39506925639992 43.6877945163999),-79.39506925639992,43.6877945163999,0.5448530255688998
Reposado Bar & Lounge,1.0,43.64729809999995,-79.42016519999989,4.0,1.1285714285714286,0.5928571428571429,4.0285714285714285,6029.0,38309.95,,,,,4.127385777049198,0.07142857142857131,4.1813002157721995,0.07142857142857131,4.256636938441564,POINT (-79.42016519999989 43.64729809999995),-79.42016519999989,43.64729809999995,0.5430837158213949
Off The Hook Fishbar,1.0,43.67591280000011,-79.35840500000026,3.5,0.29936305732484075,0.17834394904458598,3.5923566878980893,2187.0,43281.0,,,4.200744385186236,0.08280254777070081,4.140498290048414,0.08917197452229292,4.162084641185821,0.08917197452229292,4.255911927321956,POINT (-79.35840500000026 43.67591280000011),-79.35840500000026,43.67591280000011,0.5429235773954503
Fresh on Crawford,1.0,43.64513840000012,-79.41497669999991,3.5,0.8315217391304348,0.4782608695652174,3.635869565217391,3363.0,38502.875,,,4.1822365326322295,0.08695652173913071,4.172827319325051,0.09239130434782605,4.157585826876707,0.09239130434782605,4.254734665623939,POINT (-79.41497669999991 43.64513840000012),-79.41497669999991,43.64513840000012,0.542663547128125
Asada Mexican Grill,0.0,43.680467000000064,-79.43062720000005,4.0,0.09322033898305085,0.2457627118644068,3.8135593220338984,6286.0,39774.57627118644,,,3.7415079239997184,0.39830508474576287,3.771215867443913,0.47457627118644136,3.7775721881773126,0.47457627118644136,4.253429474940017,POINT (-79.43062720000005 43.68046700000006),-79.43062720000005,43.680467000000064,0.5423752602646159
Taqueria,0.0,43.66899619999999,-79.38595840000002,3.0,0.7272727272727273,0.2727272727272727,3.1818181818181817,6173.0,36694.09090909091,,,,,3.5199207625732076,0.7272727272727274,3.5429799063549434,0.7272727272727274,4.2494362892718165,POINT (-79.38595840000002 43.66899619999999),-79.38595840000002,43.66899619999999,0.541493256595822
The Food Dudes,1.0,43.6562502,-79.3382001,4.0,0.6071428571428571,0.5357142857142857,3.857142857142857,2177.0,37156.96428571428,,,,,3.883290287113222,0.4285714285714287,3.8101985847882776,0.4285714285714287,4.241106350440766,POINT (-79.33820009999999 43.6562502),-79.3382001,43.6562502,0.5396533630320633
The Shameful Tiki Room,1.0,43.64143929999976,-79.43330260000027,4.0,0.6666666666666666,0.5098039215686274,3.9019607843137254,4816.0,43116.259803921566,,,,,4.256580725656021,0.039215686274509706,4.196000826250804,0.039215686274509706,4.237340403119187,POINT (-79.43330260000027 43.64143929999976),-79.43330260000027,43.64143929999976,0.5388215511329653
Nomé Izakaya - Shops at Don Mills,1.0,43.733534999999954,-79.34521810000001,4.0,0.6097560975609756,0.21951219512195122,3.8536585365853657,2383.0,37908.96341463415,,,,,4.106900699443583,0.09756097560975616,4.123287470148529,0.09756097560975616,4.225091928236672,POINT (-79.34521810000001 43.73353499999995),-79.34521810000001,43.733534999999954,0.536116142298726
Rawlicious,0.0,43.66254400000004,-79.42578185161287,3.5725806451612905,0.9435483870967742,0.7661290322580645,3.629032258064516,3062.314516129032,39989.32258064516,,,,,4.055143969491073,0.1652173913043477,4.0530269028491475,0.1652173913043477,4.22393996390453,POINT (-79.42578185161287 43.66254400000004),-79.42578185161287,43.66254400000004,0.5358616996427382
Tierra Azteca,1.0,43.659887799999986,-79.43480989999993,3.5,0.26666666666666666,0.4,3.533333333333333,1011.0,44548.23333333333,,,3.6943397715755983,0.46666666666666673,3.697785778464465,0.5,3.707741122082074,0.5,4.201421116859561,POINT (-79.43480989999993 43.65988779999999),-79.43480989999993,43.659887799999986,0.5308877997640428
El Rey Mezcal Bar,1.0,43.65281352339998,-79.40006877069996,3.5,0.5932203389830508,0.3559322033898305,3.593220338983051,623.0,47528.72881355932,,,,,4.025614731552706,0.1525423728813558,4.03769583649197,0.1525423728813558,4.194649501703144,POINT (-79.40006877069996 43.65281352339998),-79.40006877069996,43.65281352339998,0.5293921043699662
Mexitaco,0.0,43.66259330000002,-79.42344299999998,3.5,0.4461538461538462,0.18461538461538463,3.353846153846154,6502.0,42083.96923076923,,,3.401672518372606,0.4461538461538455,3.598223738692887,0.6307692307692314,3.5823087510465843,0.6307692307692314,4.1941881902262494,POINT (-79.42344299999998 43.66259330000002),-79.42344299999998,43.66259330000002,0.5292902111827001
Tallboys Craft Beer House,1.0,43.66250730000001,-79.4238416999999,4.0,0.39080459770114945,0.26436781609195403,3.954022988505747,3074.0,40630.3908045977,,,4.0194126980565725,0.17241379310344837,4.026903965878149,0.19540229885057447,3.993479513909391,0.19540229885057447,4.193406807936409,POINT (-79.4238416999999 43.66250730000001),-79.4238416999999,43.66250730000001,0.5291176216505233
Latin World,1.0,43.66499379230773,-79.44002574615395,3.3461538461538463,0.3269230769230769,0.17307692307692307,3.3653846153846154,5860.692307692308,37611.25,,,3.6123799543784036,0.5961538461538461,3.5278360064187306,0.6730769230769228,3.539551478368936,0.6730769230769228,4.18819246753754,POINT (-79.44002574615395 43.66499379230773),-79.44002574615395,43.66499379230773,0.5279658927442602
Toronto Underground Market,0.1,43.68092852283998,-79.36868564360996,2.9,0.9666666666666667,0.7,3.0,1853.8,41529.13333333333,,,,,3.903938033891804,0.2592592592592593,3.9240811113492424,0.2592592592592593,4.18684315727118,POINT (-79.36868564360996 43.68092852283998),-79.36868564360996,43.68092852283998,0.5276678608709244
LOCAL Leaside,1.0,43.70997836459994,-79.36354089529976,3.5,0.21428571428571427,0.20714285714285716,3.5214285714285714,5473.0,37915.264285714286,,,4.015816250249385,0.19285714285714303,3.926693242463721,0.25,3.931564408738271,0.25,4.1851285279805595,POINT (-79.36354089529976 43.70997836459994),-79.36354089529976,43.70997836459994,0.5272891383544656
The Dirty Bird Chicken + Waffles,1.0,43.65684479754599,-79.40244777300622,3.4723926380368098,0.4815950920245399,0.37116564417177916,3.6411042944785277,792.9693251533743,37494.539877300616,,,,,4.167926445177251,0.021874999999999884,4.159805792584992,0.021874999999999884,4.182617048188478,POINT (-79.40244777300622 43.65684479754599),-79.40244777300622,43.65684479754599,0.5267344097305606
The Hogtown Vegan,1.0,43.66056689999984,-79.43257330000034,4.0,0.466824644549763,0.3767772511848341,3.7606635071090047,565.0,38676.2037914692,,,,,4.187507062243251,0.0189573459715639,4.155335342969479,0.0189573459715639,4.175075616350267,POINT (-79.43257330000034 43.66056689999984),-79.43257330000034,43.66056689999984,0.525068679383427
The Dime,1.0,43.64765266160006,-79.40263912079993,3.5,0.2361111111111111,0.16666666666666666,3.7083333333333335,266.0,38149.86111111111,,,3.849957754046196,0.23611111111111083,3.912742108070119,0.2638888888888892,3.905667489339409,0.2638888888888892,4.172022469356356,POINT (-79.40263912079993 43.64765266160006),-79.40263912079993,43.64765266160006,0.524394308824742
JangBang Bar&Grill,0.0,43.6569113,-79.40717359999998,3.0,1.25,0.8333333333333334,3.1666666666666665,3630.0,30964.666666666668,,,,,3.321894462965522,0.9166666666666665,3.3144648184546006,0.9166666666666665,4.168110580271587,POINT (-79.40717359999998 43.6569113),-79.40717359999998,43.6569113,0.5235302617176523
Barton Snacks,0.0,43.64643557575759,-79.42205212424237,3.5606060606060606,0.3333333333333333,0.21212121212121213,3.4242424242424243,3588.787878787879,41398.121212121216,,,3.54517924728734,0.586206896551724,3.563608760365464,0.620689655172414,3.566796724326356,0.620689655172414,4.165516721431938,POINT (-79.42205212424237 43.64643557575759),-79.42205212424237,43.64643557575759,0.5229573374403962
Mexico Lindo,1.0,43.78971939999993,-79.3029814000001,4.0,0.7261904761904762,0.2976190476190476,4.065476190476191,2802.0,36421.07142857143,,,3.82763669878103,0.23809523809523814,3.8761090712848754,0.28571428571428514,3.876303186045564,0.28571428571428514,4.163310219830513,POINT (-79.30298140000011 43.78971939999993),-79.3029814000001,43.78971939999993,0.5224699715452527
Han Ba Tang,1.0,43.76290820000019,-79.41156419999977,3.5,0.5238095238095238,0.2619047619047619,3.6598639455782314,4003.0,40455.73469387755,,,3.682177746318048,0.37755102040816274,3.656787759463582,0.506802721088434,3.653848214711243,0.506802721088434,4.147399858970321,POINT (-79.41156419999977 43.76290820000019),-79.41156419999977,43.76290820000019,0.5189557355901666
Tio's Urban Mexican,0.0,43.71430949999996,-79.40010299999996,3.5,0.21568627450980393,0.09803921568627451,3.2941176470588234,911.0,42904.549019607846,,,3.7642898134547047,0.4313725490196076,3.679266462554381,0.4705882352941171,3.6840736221888264,0.4705882352941171,4.144019296030698,POINT (-79.40010299999996 43.71430949999996),-79.40010299999996,43.71430949999996,0.5182090463142133
Bent,0.0,43.65194049999993,-79.4073171,3.5,0.25654450261780104,0.3403141361256545,3.7539267015706805,465.0,38907.75392670157,,,3.825741360126615,0.2722513089005224,3.8199726371436027,0.3246073298429332,3.8150856692347226,0.3246073298429332,4.137596041325744,POINT (-79.4073171 43.65194049999993),-79.4073171,43.65194049999993,0.5167902958011874
The Garrison,1.0,43.64911619999999,-79.42236580000004,3.5,1.2571428571428571,0.7142857142857143,3.5142857142857142,1533.0,42834.6,,,,,3.9175186195326326,0.2000000000000001,3.9260391228307836,0.2000000000000001,4.127331453073482,POINT (-79.42236580000004 43.64911619999999),-79.42236580000004,43.64911619999999,0.5145230822906186
Live Organic Food Bar,1.0,43.675105999999936,-79.40677929999983,4.0,0.32038834951456313,0.36893203883495146,3.936893203883495,5028.0,41722.320388349515,,,,,4.047358447465742,0.06310679611650505,4.057780283642727,0.06310679611650505,4.122306327495888,POINT (-79.40677929999983 43.67510599999994),-79.40677929999983,43.675105999999936,0.5134131466242451
Bar Reyna,1.0,43.67006669999991,-79.39340929999996,3.5,0.5,0.2457627118644068,3.389830508474576,2863.0,37952.82203389831,,,3.9700150508875813,0.1694915254237288,3.9044267740679985,0.1864406779661015,3.934345083493839,0.1864406779661015,4.122066452811522,POINT (-79.39340929999996 43.67006669999991),-79.39340929999996,43.67006669999991,0.5133601637756521
Insomnia Restaurant & Lounge,1.0,43.66596099999934,-79.41100300000078,4.0,0.4177732379979571,0.2819203268641471,4.052093973442288,4739.0,40882.43411644535,,,4.118244376260008,0.021450459652707185,4.075641654586325,0.04290091930541437,4.072169256290724,0.04290091930541437,4.116079258976303,POINT (-79.41100300000078 43.66596099999934),-79.41100300000078,43.66596099999934,0.5120377291664887
Bannock,1.0,43.651761799999825,-79.38131689999929,3.5,0.4088397790055249,0.2965009208103131,3.716390423572744,2136.0,39795.615101289135,,,3.9522872944784933,0.025782688766113993,4.0720118956105456,0.04604051565377532,4.060833319638226,0.04604051565377532,4.107844065506394,POINT (-79.38131689999929 43.65176179999983),-79.38131689999929,43.651761799999825,0.5102187626927961
Little Sister,1.0,43.701567600000075,-79.39707509999981,3.5,0.31016042780748665,0.1711229946524064,3.6524064171122994,5319.0,42639.52406417112,,,3.8509244801384415,0.16577540106951805,3.83332912601031,0.28877005347593604,3.818454148926102,0.28877005347593604,4.104312216127273,POINT (-79.39707509999981 43.70156760000008),-79.39707509999981,43.701567600000075,0.509438657691714
KABOOM Chicken,0.0,43.659083900000034,-79.3494033999998,4.0,0.897196261682243,0.4392523364485981,3.878504672897196,2090.0,38986.88785046729,,,,,4.110079176896424,0.05607476635514005,4.042831832209283,0.05607476635514005,4.099906163834788,POINT (-79.3494033999998 43.65908390000003),-79.3494033999998,43.659083900000034,0.5084654611990449
Rancho Relaxo To Go,0.9117647058823529,43.66407632934707,-79.45085288976767,3.5,0.0,0.058823529411764705,3.6176470588235294,4197.264705882353,42107.44117647059,,,4.003041045980198,0.35483870967741943,3.6658248006182212,0.4193548387096775,3.682078591199797,0.4193548387096775,4.08906417973812,POINT (-79.45085288976767 43.66407632934707),-79.45085288976767,43.66407632934707,0.5060707141111702
Cactus Club Cafe,1.0,43.64385913138555,-79.40940843391002,4.0,0.30806451612903224,0.19838709677419356,3.832258064516129,6896.851612903226,39368.079032258065,,,4.107740993788358,0.08174904942965817,4.000602108594512,0.09677419354838668,3.9899995594542714,0.09677419354838668,4.087709010062825,POINT (-79.40940843391002 43.64385913138555),-79.40940843391002,43.64385913138555,0.5057713880279963
King Taps,1.0,43.64903360000014,-79.38180460000022,4.0,0.4483985765124555,0.19217081850533807,3.8647686832740216,4835.0,39432.96441281139,,,4.001213470995174,0.09252669039145901,3.987771389240977,0.0960854092526693,3.989459168330913,0.0960854092526693,4.086451654005241,POINT (-79.38180460000022 43.64903360000014),-79.38180460000022,43.64903360000014,0.5054936667428078
416 Snack Bar,1.0,43.647536399999844,-79.40385339999949,4.0,0.7331288343558282,0.5398773006134969,3.923312883435583,1856.0,40376.28220858896,,,,,4.078107599682492,0.02147239263803689,4.055235895876654,0.02147239263803689,4.077063333724356,POINT (-79.40385339999949 43.64753639999984),-79.40385339999949,43.647536399999844,0.5034200008480575
The Carbon Bar,1.0,43.65318726340012,-79.37478687660034,4.0,0.30997304582210244,0.14016172506738545,3.9056603773584904,4898.0,41731.23180592992,,,3.974783747926659,0.05390835579514795,3.973631831329859,0.061994609164420025,4.000748790720987,0.061994609164420025,4.063238003559741,POINT (-79.37478687660034 43.65318726340012),-79.37478687660034,43.65318726340012,0.5003663006345705
Canyon Creek,0.0,43.64510216479995,-79.38415205519973,3.5,0.2331288343558282,0.13496932515337423,3.6196319018404908,5260.0,39099.25153374233,,,,,3.9576306180703136,0.06134969325153373,4.000625720521532,0.06134969325153373,4.062457972328018,POINT (-79.38415205519973 43.64510216479995),-79.38415205519973,43.64510216479995,0.5001940095203276
The Craft Brasserie & Grille,1.0,43.63940763289994,-79.42081963519976,3.5,0.25748502994011974,0.12574850299401197,3.6706586826347305,1841.0,38776.023952095806,,,3.982379678148948,0.07784431137724522,3.989338754258564,0.08383233532934094,3.9681479172495555,0.08383233532934094,4.052190301406866,POINT (-79.42081963519976 43.63940763289994),-79.42081963519976,43.63940763289994,0.4979261151184864
Baro,1.0,43.64490600000016,-79.39694000000004,3.5,0.32653061224489793,0.10884353741496598,3.693877551020408,971.0,38407.1768707483,,,,,3.9364779043971763,0.10884353741496608,3.938581709521943,0.10884353741496608,4.04722544344991,POINT (-79.39694000000004 43.64490600000016),-79.39694000000004,43.64490600000016,0.4968294911953996
Hogtown Pub & Oysters,0.0,43.65480449999997,-79.41499350000001,4.0,0.24074074074074073,0.14814814814814814,3.9814814814814814,4568.0,38283.2037037037,,,,,3.8423066667265204,0.1666666666666667,3.853209932937346,0.1666666666666667,4.017152090631164,POINT (-79.41499350000001 43.65480449999997),-79.41499350000001,43.65480449999997,0.49018697323529187
JOEY Yorkdale,1.0,43.724071599999796,-79.45399030000036,3.5,0.4066666666666667,0.25333333333333335,3.6133333333333333,5544.0,38609.17,,,3.896100575046129,0.10666666666666626,3.875863691147666,0.12333333333333411,3.862839184714196,0.12333333333333411,3.9837986011103994,POINT (-79.45399030000036 43.7240715999998),-79.45399030000036,43.724071599999796,0.4828199478653822
Fresh On Bloor,1.0,43.666920899999745,-79.40346599999981,3.5,0.65,0.4625,3.71875,47.0,38865.384375,,,3.952621868110401,0.06562500000000039,3.885976561671901,0.07499999999999957,3.9039220138672817,0.07499999999999957,3.977811097075822,POINT (-79.40346599999981 43.66692089999975),-79.40346599999981,43.666920899999745,0.4814974447402532
August 8,1.0,43.65461357050004,-79.39862888310013,3.5,0.2585034013605442,0.19727891156462585,3.557823129251701,2651.0,41841.462585034016,,,,,3.914161932314074,0.04761904761904751,3.9085976408692393,0.04761904761904751,3.955406637318131,POINT (-79.39862888310013 43.65461357050004),-79.39862888310013,43.65461357050004,0.47654881040526786
Ryoji Ramen & Izakaya,0.0,43.6554188,-79.4177746999999,3.5,0.2838709677419355,0.17419354838709677,3.503225806451613,6231.0,39515.97419354838,,,,,3.89781157864842,0.03870967741935492,3.9116811232401454,0.03870967741935492,3.94971986340434,POINT (-79.4177746999999 43.6554188),-79.4177746999999,43.6554188,0.4752927317071227
Loose Moose,1.0,43.64523249999954,-79.38389699999976,3.5,0.32425742574257427,0.23514851485148514,3.507425742574257,616.0,38773.210396039605,,,3.85877108920961,0.0816831683168321,3.873529640474312,0.0816831683168321,3.8672834589619973,0.0816831683168321,3.9470683127817106,POINT (-79.38389699999976 43.64523249999954),-79.38389699999976,43.64523249999954,0.47470706463038853
Fresh on Eglinton,1.0,43.70756679999995,-79.39573930000005,3.5,0.8505747126436781,0.5632183908045977,3.7413793103448274,6312.0,43071.011494252874,,,4.063211829856724,0.08620689655172419,3.853943190616065,0.09770114942528715,3.8492710715021308,0.09770114942528715,3.9444482567830628,POINT (-79.39573930000005 43.70756679999995),-79.39573930000005,43.70756679999995,0.47412835399800907
El local loco,0.0,43.64783150000016,-79.3732264999999,3.5,0.18497109826589594,0.12138728323699421,3.421965317919075,659.0,38698.988439306355,,,3.358374898522202,0.5375722543352596,3.3928769584577676,0.5895953757225422,3.394645234491162,0.5895953757225422,3.933769407662512,POINT (-79.3732264999999 43.64783150000016),-79.3732264999999,43.64783150000016,0.47176963970685354
EAT BKK Thai Kitchen,1.0,43.75924699999997,-79.4107600999997,3.5,0.3247232472324723,0.15867158671586715,3.7490774907749076,4273.0,41267.67896678967,,,,,3.8761617692840717,0.022140221402214107,3.9043368795443136,0.022140221402214107,3.9260075190477384,POINT (-79.41076009999971 43.75924699999997),-79.4107600999997,43.75924699999997,0.470055215484229
Gourmet Gringos,0.0,43.676938568365074,-79.38201820755911,3.1569767441860463,0.20930232558139536,0.29069767441860467,3.1744186046511627,5576.895348837209,42191.023255813954,,,3.3764240099446807,0.6511627906976746,3.302835630476778,0.6744186046511637,3.300143646501344,0.6744186046511637,3.9062219275544368,POINT (-79.38201820755911 43.67693856836507),-79.38201820755911,43.676938568365074,0.465685029438206
Seven Lives Paleteria,0.0,43.65448880000001,-79.40083069999999,3.5,0.4107142857142857,0.26785714285714285,3.642857142857143,84.0,38461.41071428572,,,3.556690279884542,0.23214285714285723,3.6116309773239337,0.30357142857142866,3.610929059690562,0.30357142857142866,3.8956399009927005,POINT (-79.40083069999999 43.65448880000001),-79.40083069999999,43.65448880000001,0.46334770104272177
JOEY Eaton Centre,1.0,43.655870896400224,-79.38200919020088,3.5,0.33954451345755693,0.33540372670807456,3.7246376811594204,2516.0,39492.51966873706,,,3.7945609511022966,0.13250517598343803,3.7150129569287667,0.15113871635610726,3.7129230577116417,0.15113871635610726,3.8558988002854013,POINT (-79.38200919020088 43.65587089640022),-79.38200919020088,43.655870896400224,0.45456979800032676
The Gabardine,0.0,43.65096260000028,-79.38142240000064,4.0,0.5116883116883116,0.2935064935064935,3.8207792207792206,5152.0,40354.74285714285,,,3.786789580668331,0.08311688311688313,3.7584643350687696,0.09350649350649325,3.7613846667748017,0.09350649350649325,3.8503489302494875,POINT (-79.38142240000064 43.65096260000028),-79.38142240000064,43.65096260000028,0.45334395824737306
Hunters Landing Bar Grill Hub Restaurant,1.0,43.6399996,-79.3966204999998,3.5,0.31390134529147984,0.27802690582959644,3.282511210762332,1619.0,38251.21076233184,,,3.704905677018244,0.08520179372197283,3.759472147843407,0.08968609865470853,3.762558580706931,0.08968609865470853,3.8478737547209754,POINT (-79.3966204999998 43.6399996),-79.3966204999998,43.6399996,0.45279724840754726
Burdock,1.0,43.65948740039997,-79.43786679389997,3.5,0.23376623376623376,0.18181818181818182,3.5714285714285716,2514.0,35809.92207792208,,,,,3.75987586637092,0.0779220779220778,3.7732994529738435,0.0779220779220778,3.8475259242436994,POINT (-79.43786679389997 43.65948740039997),-79.43786679389997,43.65948740039997,0.452720420585711
The Sister,0.0,43.6400293,-79.4399448,3.5,0.5,0.4827586206896552,3.3448275862068964,1787.0,37410.637931034486,,,,,3.7559962413967587,0.12068965517241372,3.722899614125936,0.12068965517241372,3.836940271229787,POINT (-79.43994480000001 43.6400293),-79.4399448,43.6400293,0.45038229118962475
Swish By Han,0.0,43.648368000000026,-79.37503089999994,3.5,0.6551724137931034,0.5862068965517241,3.2413793103448274,5043.0,38483.51724137931,,,3.7980878287389883,0.17241379310344837,3.637552096140592,0.19540229885057447,3.64109797308824,0.19540229885057447,3.8233838374607267,POINT (-79.37503089999994 43.64836800000003),-79.37503089999994,43.648368000000026,0.4473879840590323
Bar Verde,1.0,43.65490769999999,-79.38087390000007,4.0,0.5306122448979592,0.22448979591836735,3.816326530612245,6359.0,42685.87755102041,,,,,3.6682709661003794,0.12244897959183666,3.7076267360085633,0.12244897959183666,3.8228806031266993,POINT (-79.38087390000007 43.65490769999999),-79.38087390000007,43.65490769999999,0.44727683106847393
Miss Things,1.0,43.64146009999992,-79.43187899999988,3.5,0.323943661971831,0.22535211267605634,3.471830985915493,641.0,39681.30281690141,,,,,3.765527082337072,0.049295774647887244,3.767802349539649,0.049295774647887244,3.814523838589035,POINT (-79.43187899999988 43.64146009999992),-79.43187899999988,43.64146009999992,0.445431012317755
Cafeteria Playa Cabana,0.0,43.653425942000005,-79.42775536690004,3.5,0.08333333333333333,0.3333333333333333,3.4166666666666665,1937.0,45279.375,,,3.34170365573152,0.5416666666666665,3.318345031502877,0.5416666666666665,3.3165125104234776,0.5416666666666665,3.7974525062243902,POINT (-79.42775536690004 43.65342594200001),-79.42775536690004,43.653425942000005,0.441660344227683
Korean Cowboy,0.0,43.70873764030007,-79.39900495439998,3.5,0.7419354838709677,0.7741935483870968,3.403225806451613,7059.0,39302.1935483871,,,3.5522581257263472,0.2741935483870965,3.5207813156924623,0.2903225806451614,3.520423324852289,0.2903225806451614,3.7854390983105644,POINT (-79.39900495439998 43.70873764030007),-79.39900495439998,43.70873764030007,0.43900685632726016
Barque Smokehouse,1.0,43.64800969999982,-79.44965919999964,4.0,0.4817813765182186,0.35020242914979755,3.8927125506072873,6753.0,38788.506072874494,,,3.693431602920958,0.04251012145748953,3.6907634183357882,0.04858299595141701,3.688845973232902,0.04858299595141701,3.733922963239353,POINT (-79.44965919999964 43.64800969999982),-79.44965919999964,43.64800969999982,0.42762811666666084
Chipotle Mexican Grill,0.9779816513761468,43.674655922366185,-79.39053980210768,3.4091743119266056,0.3577981651376147,0.3412844036697248,3.365137614678899,3305.6,40838.695412844034,,,3.674202722534497,0.09090909090909087,3.5953787897593545,0.1334745762711867,3.6002267879133023,0.1334745762711867,3.7223883215092255,POINT (-79.39053980210768 43.67465592236618),-79.39053980210768,43.674655922366185,0.42508037730026665
Mill Street Brew Pub,1.0,43.650442451100304,-79.358442752099,3.5,0.4810126582278481,0.3037974683544304,3.3966244725738397,2405.0,39760.79957805907,,,3.675287971925189,0.033755274261603074,3.6779978446193256,0.040084388185654234,3.6740482330158737,0.040084388185654234,3.711051323029119,POINT (-79.35844275209899 43.6504424511003),-79.358442752099,43.650442451100304,0.42257629282150244
Electric Mud BBQ,0.0,43.64206369999986,-79.4324000000001,3.5,0.41106719367588934,0.3241106719367589,3.7549407114624507,4277.0,40426.86166007905,,,,,3.647057610620861,0.043478260869565126,3.645856159648444,0.043478260869565126,3.685701187716297,POINT (-79.4324000000001 43.64206369999986),-79.4324000000001,43.64206369999986,0.4169770259182918
Beerbistro,1.0,43.64945000000054,-79.37715900000104,4.0,0.6401225114854517,0.36447166921898927,3.915773353751914,2807.0,40311.405819295556,,,3.569012318400641,0.05666156202143928,3.6203248256352265,0.06738131699846907,3.614265233386047,0.06738131699846907,3.675664414039485,POINT (-79.37715900000104 43.64945000000054),-79.37715900000104,43.64945000000054,0.41476013145322893
Fring's,0.0,43.64500092880006,-79.39602311699991,3.5,0.3166023166023166,0.4015444015444015,3.501930501930502,228.0,41236.25868725869,,,3.544334060762032,0.13127413127413168,3.532647050328957,0.13513513513513603,3.5362161635605625,0.13513513513513603,3.6577238641645895,POINT (-79.39602311699991 43.64500092880006),-79.39602311699991,43.64500092880006,0.4107974730334494
Tilde,0.0,43.679062297600005,-79.34383504090007,3.0,0.10256410256410256,0.10256410256410256,2.8974358974358974,5781.0,33172.282051282054,,,3.0804412077343213,0.7179487179487182,2.897749533145426,0.8974358974358976,2.9061962338096694,0.8974358974358976,3.637163298935748,POINT (-79.34383504090007 43.67906229760001),-79.34383504090007,43.679062297600005,0.40625611295877834
Louis Cifer Brew Works,1.0,43.67758489999992,-79.35114069999999,3.0,1.1923076923076923,0.8384615384615385,3.2153846153846155,6893.0,38658.75384615385,,,,,3.538453467920889,0.09230769230769212,3.55362475384935,0.09230769230769212,3.636585031272003,POINT (-79.35114069999999 43.67758489999992),-79.35114069999999,43.67758489999992,0.4061283868164581
Micro Time Cafe,0.0,43.665211,-79.38331599999998,3.0,0.09090909090909091,0.22727272727272727,3.272727272727273,4426.0,35950.0,,,,,3.3113901285013303,0.36363636363636354,3.3140343918895834,0.36363636363636354,3.629429188691089,POINT (-79.38331599999998 43.665211),-79.38331599999998,43.665211,0.40454782434476066
Prohibition Gastrohouse - Queen,1.0,43.658894800000276,-79.35038400000026,3.5,0.5799373040752351,0.54858934169279,3.6081504702194356,380.0,39605.021943573665,,,3.6286165777201185,0.05956112852664576,3.5657987131242144,0.06583072100313461,3.5693576718633664,0.06583072100313461,3.628587071511268,POINT (-79.35038400000026 43.65889480000028),-79.35038400000026,43.658894800000276,0.40436181986015296
Duke of York,1.0,43.66913839999993,-79.3973921999999,3.0,0.5241935483870968,0.4274193548387097,3.193548387096774,5605.0,39221.846774193546,,,,,3.5567675893152124,0.048387096774193665,3.5779431677545372,0.048387096774193665,3.6214875808046454,POINT (-79.3973921999999 43.66913839999993),-79.3973921999999,43.66913839999993,0.4027937042326542
JOEY Sherway,1.0,43.611693300000105,-79.55718300000028,3.5,0.4,0.22285714285714286,3.6342857142857143,6357.0,41328.27428571429,,,3.564609393531103,0.09142857142857116,3.5435223137365015,0.09714285714285736,3.5320409808833833,0.09714285714285736,3.618869194043733,POINT (-79.55718300000028 43.61169330000011),-79.55718300000028,43.611693300000105,0.4022153622968317
Planta Yorkville,1.0,43.67021509619974,-79.38943355740031,4.0,0.5218446601941747,0.32524271844660196,3.8106796116504853,2306.0,41124.07524271845,,,3.5870092118666475,0.05097087378640801,3.552187533878775,0.05582524271844615,3.557315476322233,0.05582524271844615,3.6073105381077966,POINT (-79.38943355740031 43.67021509619974),-79.38943355740031,43.67021509619974,0.3996623187399022
The Stone Lion,1.0,43.66955899999997,-79.30230599999994,3.0,0.14285714285714285,0.2857142857142857,3.0793650793650795,6429.0,45866.90476190476,,,,,3.521531003616418,0.09523809523809516,3.5197630940818674,0.09523809523809516,3.604572607884925,POINT (-79.30230599999994 43.66955899999997),-79.30230599999994,43.66955899999997,0.3990575723789441
Earls Kitchen + Bar,1.0,43.64801346210003,-79.38392464310078,3.5,0.30275229357798167,0.32339449541284404,3.5642201834862384,3056.0,40940.43807339449,,,3.4670545632962644,0.10321100917431163,3.515526796954935,0.11238532110091673,3.5043694483379872,0.11238532110091673,3.6042255966105774,POINT (-79.38392464310078 43.64801346210003),-79.38392464310078,43.64801346210003,0.39898092550035674
Richtree Eaton Centre,1.0,43.65246502729998,-79.37954999510013,2.5,0.4074074074074074,0.3950617283950617,2.740740740740741,1556.0,35554.049382716046,,,,,3.506903071273338,0.12345679012345678,3.493165782053987,0.12345679012345678,3.6026605834362306,POINT (-79.37954999510013 43.65246502729998),-79.37954999510013,43.65246502729998,0.39863524977270975
Lola's Kitchen,0.0,43.66976869999982,-79.38283800000059,4.0,0.5994962216624685,0.30730478589420657,3.861460957178841,1443.0,38437.05289672544,,,,,3.577847396086843,0.025188916876574485,3.573739840682658,0.025188916876574485,3.596315507098819,POINT (-79.38283800000059 43.66976869999982),-79.38283800000059,43.66976869999982,0.397233767078594
Buster's Sea Cove,1.0,43.64998817599999,-79.39682006840003,3.0,0.17391304347826086,0.0,3.0,805.0,36024.565217391304,,,,,3.0259586488124417,0.6086956521739133,3.0618659384725455,0.6086956521739133,3.5651225422555557,POINT (-79.39682006840003 43.64998817599999),-79.39682006840003,43.64998817599999,0.3903439523496146
Amsterdam BrewHouse,1.0,43.637912128400544,-79.38473089820033,3.5,0.24780058651026393,0.17595307917888564,3.346041055718475,891.0,38488.27272727273,,,3.4845501881124292,0.04985337243401802,3.4676852602312493,0.05571847507331341,3.455659993878911,0.05571847507331341,3.5041328405436487,POINT (-79.38473089820033 43.63791212840054),-79.38473089820033,43.637912128400544,0.3768727178170145
Mii Sandwich Co.,1.0,43.726153000000025,-79.45176399999994,3.0,0.5098039215686274,0.17647058823529413,3.1176470588235294,6331.0,38963.86274509804,,,,,3.3527041160351443,0.15686274509803932,3.36384122931153,0.15686274509803932,3.4983772925212437,POINT (-79.45176399999994 43.72615300000002),-79.45176399999994,43.726153000000025,0.37560144848633786
Harbord House,1.0,43.662453799999994,-79.40547630000017,3.5,0.4336283185840708,0.35398230088495575,3.6814159292035398,5444.0,36312.05309734513,,,,,3.415043664694469,0.07079646017699125,3.4102672466593686,0.07079646017699125,3.4711632721947527,POINT (-79.40547630000017 43.66245379999999),-79.40547630000017,43.662453799999994,0.36959049188050264
Barrio Cerveceria,1.0,43.66053800000007,-79.34348449999989,3.0,0.17985611510791366,0.2014388489208633,3.158273381294964,1643.0,39532.30935251799,,,3.0876139756800445,0.4028776978417257,3.073681987956534,0.4892086330935256,3.0713697334369554,0.4892086330935256,3.470941169593286,POINT (-79.34348449999989 43.66053800000007),-79.34348449999989,43.66053800000007,0.3695414344798157
The Fox,1.0,43.64261259419996,-79.37742903130008,2.5,0.19444444444444445,0.19444444444444445,2.7222222222222223,5398.0,39067.875,,,,,3.363660771328851,0.0972222222222223,3.3835312620389875,0.0972222222222223,3.4667774432744722,POINT (-79.37742903130008 43.64261259419996),-79.37742903130008,43.64261259419996,0.36862176226965715
O&B Canteen,1.0,43.64669300000014,-79.39021000000021,3.0,0.3511705685618729,0.23745819397993312,3.020066889632107,427.0,39455.11036789298,,,3.5201782159498713,0.043478260869565036,3.425182739398087,0.05016722408026739,3.422107877749006,0.05016722408026739,3.4652975631273737,POINT (-79.39021000000021 43.64669300000014),-79.39021000000021,43.64669300000014,0.36829489048668185
Sneaky Dee's,1.0,43.65633300000014,-79.40748700000003,3.5,0.6119733924611973,0.6075388026607539,3.6164079822616406,6227.0,39147.48780487805,,,3.7134617404244676,0.039911308203990734,3.4101171547313256,0.0665188470066518,3.4033792968674987,0.0665188470066518,3.460449730771801,POINT (-79.40748700000003 43.65633300000014),-79.40748700000003,43.65633300000014,0.3672241148507371
KaKa All You Can Eat,1.0,43.65787570000002,-79.3843751999997,3.5,0.3686635944700461,0.2672811059907834,3.2211981566820276,7019.0,39186.05529953917,,,,,3.4035144826539927,0.059907834101382555,3.40140575408168,0.059907834101382555,3.4527318620771554,POINT (-79.3843751999997 43.65787570000002),-79.3843751999997,43.65787570000002,0.3655194136248072
Craft Beer Market,1.0,43.65015899999989,-79.37809299999994,3.5,0.3384615384615385,0.08461538461538462,3.269230769230769,2959.0,41045.984615384616,,,3.2932246922527533,0.19999999999999954,3.301500722399283,0.19999999999999954,3.2816768542617796,0.19999999999999954,3.449932024531602,POINT (-79.37809299999994 43.65015899999989),-79.37809299999994,43.65015899999989,0.3649009933477662
Northern Maverick Brewing Co,1.0,43.64500709999996,-79.40289959999991,3.5,0.43434343434343436,0.20202020202020202,3.4646464646464645,2555.0,42182.19191919192,,,,,3.3505356336843324,0.11111111111111088,3.3531246613941543,0.11111111111111088,3.4475727187024194,POINT (-79.40289959999991 43.64500709999996),-79.40289959999991,43.64500709999996,0.36437987648267345
Taco Bell,0.8157894736842105,43.69252475263156,-79.42194129736842,2.4078947368421053,0.4473684210526316,1.0,2.4473684210526314,4063.4473684210525,43471.18421052631,,,,,2.8883077042901593,0.7142857142857145,2.870792605937914,0.7142857142857145,3.432056312394904,POINT (-79.42194129736842 43.69252475263156),-79.42194129736842,43.69252475263156,0.36095265610604305
Williams Landing Bar Grill Hub Restaurant,1.0,43.638951559700175,-79.41755989949998,3.0,0.2260536398467433,0.2950191570881226,3.111111111111111,3021.0,38256.93486590038,,,3.37064122836713,0.08045977011494215,3.352917125527035,0.09961685823754854,3.344782689148588,0.09961685823754854,3.4291277898047734,POINT (-79.41755989949998 43.63895155970017),-79.41755989949998,43.638951559700175,0.3603058122366958
Rivoli Cafe & Club,1.0,43.64929320000008,-79.39499849999994,3.5,0.40145985401459855,0.4233576642335766,3.386861313868613,416.0,41892.89781021898,,,,,3.3755518120593018,0.05109489051094876,3.377941258754403,0.05109489051094876,3.421366906565188,POINT (-79.39499849999994 43.64929320000008),-79.39499849999994,43.64929320000008,0.3585916100785277
Mill Street Beer Hall,1.0,43.650442451100155,-79.3584427521,3.0,0.2982456140350877,0.15204678362573099,2.9473684210526314,2640.0,38011.52046783626,,,,,3.34285105970634,0.07602339181286574,3.332439868017975,0.07602339181286574,3.396381420426514,POINT (-79.3584427521 43.65044245110015),-79.3584427521,43.650442451100155,0.35307288586382307
Maezo - Modern Indian Cuisine,1.0,43.65091100000003,-79.38195679999993,3.5,0.25757575757575757,0.12121212121212122,3.515151515151515,1316.0,38055.106060606064,,,,,3.3245325020078202,0.10606060606060617,3.2887214675695584,0.10606060606060617,3.3770887746585765,POINT (-79.38195679999993 43.65091100000003),-79.38195679999993,43.65091100000003,0.3488115802892867
Queen St Warehouse,1.0,43.65018349999993,-79.39018760000081,3.0,0.30952380952380953,0.2830687830687831,3.1455026455026456,6403.0,40856.82010582011,,,3.365515096821336,0.1243386243386249,3.242204360270685,0.15608465608465694,3.245581219415181,0.15608465608465694,3.374730976359207,POINT (-79.39018760000081 43.65018349999993),-79.39018760000081,43.65018349999993,0.34829079640315774
Trinity Common,1.0,43.65675087879993,-79.40305184570003,3.0,0.21176470588235294,0.23529411764705882,3.211764705882353,1365.0,42193.34117647059,,,,,3.3083425602973433,0.08235294117647049,3.3046078714551688,0.08235294117647049,3.373349118222252,POINT (-79.40305184570003 43.65675087879993),-79.40305184570003,43.65675087879993,0.3479855754473047
Hemingway's Restaurant,1.0,43.67005600000018,-79.39281969999986,3.0,0.30434782608695654,0.3794466403162055,3.1541501976284585,6767.0,36581.69565217391,,,,,3.37874315132754,0.03162055335968367,3.345085670133918,0.03162055335968367,3.371633830302534,POINT (-79.39281969999986 43.67005600000018),-79.39281969999986,43.67005600000018,0.3476067074546949
La Tortilleria,1.0,43.64881794537813,-79.47384443865539,2.7983193277310923,0.3865546218487395,0.29411764705882354,2.831932773109244,4501.621848739495,39381.8487394958,,,2.9670309921744296,0.36974789915966405,2.929974049299035,0.47899159663865487,2.9360774880114544,0.47899159663865487,3.3095836697228385,POINT (-79.47384443865539 43.64881794537813),-79.47384443865539,43.64881794537813,0.3339012417368426
Taylor's Landing Bar Grill Hub,1.0,43.73373679999991,-79.34512370000029,3.0,0.2261904761904762,0.25,2.8392857142857144,4982.0,41198.017857142855,,,3.3008737826042975,0.14285714285714257,3.1084479541794936,0.20833333333333312,3.1078966619543835,0.20833333333333312,3.2740557805547863,POINT (-79.34512370000029 43.73373679999991),-79.34512370000029,43.73373679999991,0.32605394106152846
El Furniture Warehouse - Bloor St,1.0,43.66590605239984,-79.40806061169972,3.0,0.35668789808917195,0.37898089171974525,3.2579617834394905,4447.0,39205.64968152866,,,3.1169551068593644,0.05414012738853525,3.2306872601915373,0.06687898089171929,3.2047814786288877,0.06687898089171929,3.258815063582696,POINT (-79.40806061169972 43.66590605239984),-79.40806061169972,43.66590605239984,0.32268761417332975
Canadian National Exhibition,1.0,43.63509679999989,-79.41572430000039,3.5,1.1263157894736842,0.9526315789473684,3.4894736842105263,5932.0,38598.25263157895,,,,,3.1684895571128973,0.04210526315789482,3.1914614931506664,0.04210526315789482,3.225233258958597,POINT (-79.41572430000039 43.63509679999989),-79.41572430000039,43.63509679999989,0.3152701592027167
Real Sports,1.0,43.64267833339946,-79.3800445914999,3.5,0.4805194805194805,0.44155844155844154,3.396103896103896,3091.0,40052.51298701299,,,,,3.2173776421585125,0.021645021645021422,3.2040458277262447,0.021645021645021422,3.2214307327084293,POINT (-79.3800445914999 43.64267833339946),-79.3800445914999,43.64267833339946,0.31443026785229916
Moxie's Grill & Bar,0.7964285714285714,43.706352566485144,-79.42016556924564,3.0,0.65,0.2357142857142857,2.967857142857143,3933.614285714286,39404.74285714285,,,,,3.0922106957866027,0.07623318385650214,3.127908093770663,0.07623318385650214,3.188092375234522,POINT (-79.42016556924564 43.70635256648514),-79.42016556924564,43.706352566485144,0.307066584806527
Oliver & Bonacini Café Grill,1.0,43.71759431280195,-79.38238909537777,3.209009009009009,0.37117117117117115,0.22522522522522523,3.0396396396396397,5461.992792792793,40897.83423423424,,,,,3.158454839222562,0.023423423423423524,3.1648767391407633,0.023423423423423524,3.1834641706714315,POINT (-79.38238909537777 43.71759431280195),-79.38238909537777,43.71759431280195,0.3060443199423906
CrudaCafe,0.0,43.64906627180003,-79.3715296361,2.5,0.53125,0.359375,2.71875,4826.0,39153.625,,,,,3.058053128354865,0.109375,3.0590416584366285,0.109375,3.1438414169538422,POINT (-79.37152963609999 43.64906627180003),-79.3715296361,43.64906627180003,0.2972925570516911
Pizza Hut,0.9,43.69329878497645,-79.42145293494718,1.8964285714285714,0.2571428571428571,0.6285714285714286,1.9285714285714286,4324.692857142857,39660.21428571428,,,,,2.8127399736946614,0.42857142857142855,2.806678056235387,0.42857142857142855,3.1240944174053027,POINT (-79.42145293494718 43.69329878497645),-79.42145293494718,43.69329878497645,0.2929308950863631
BarBurrito - Yonge South,1.0,43.66161280000003,-79.38316409999999,2.5,0.46153846153846156,0.3076923076923077,2.5384615384615383,6998.0,37256.61538461538,,,,,2.778765790712457,0.3846153846153848,2.7893357969705113,0.3846153846153848,3.070859064554581,POINT (-79.38316409999999 43.66161280000003),-79.38316409999999,43.66161280000003,0.2811724194167274
Yonge Street Warehouse,1.0,43.65754989380002,-79.38164748249989,2.5,0.2840909090909091,0.3068181818181818,2.6818181818181817,3714.0,37670.306818181816,,,,,2.962575562322032,0.10227272727272728,2.9563534787112857,0.10227272727272728,3.032916681986024,POINT (-79.38164748249989 43.65754989380002),-79.38164748249989,43.65754989380002,0.2727918122001014
SpeakEasy 21,1.0,43.649870284799974,-79.37932780420003,2.5,2.1587301587301586,1.492063492063492,2.7142857142857144,7033.0,41920.06349206349,,,,,2.875645407174365,0.1587301587301587,2.908792398762519,0.1587301587301587,3.026541509167484,POINT (-79.37932780420003 43.64987028479997),-79.37932780420003,43.649870284799974,0.2713836818795093
The One Eighty,1.0,43.66873599999997,-79.38820699999998,3.0,0.288135593220339,0.2711864406779661,3.2288135593220337,4436.0,39762.05084745763,,,2.904491667786148,0.1271186440677963,2.8803981929420015,0.1271186440677963,2.9140790494280755,0.1271186440677963,3.0081747391868117,POINT (-79.38820699999998 43.66873599999997),-79.38820699999998,43.66873599999997,0.26732688115625447
The Slip,1.0,43.63911793390002,-79.38289102169995,2.0,0.06521739130434782,0.21739130434782608,2.282608695652174,5663.0,37181.17391304348,,,,,2.8595066756281287,0.1521739130434784,2.8003003487417586,0.1521739130434784,2.908885904229418,POINT (-79.38289102169995 43.63911793390002),-79.38289102169995,43.63911793390002,0.24539624131647067
Z-Teca,0.18604651162790697,43.75597830590696,-79.35162533112788,2.5813953488372094,0.6046511627906976,0.3953488372093023,2.558139534883721,2054.4883720930234,36053.32558139535,,,,,2.6609610053339843,0.2000000000000001,2.683815011195396,0.2000000000000001,2.821417149289815,POINT (-79.35162533112788 43.75597830590696),-79.35162533112788,43.75597830590696,0.22607638765278434
Estrella Taqueria,0.0,43.76381930010001,-79.41130265589997,2.0,0.2571428571428571,0.37142857142857144,2.1142857142857143,2576.0,44923.62857142857,,,2.293032606445422,0.7714285714285719,2.2290373234213807,0.8571428571428574,2.236128537833471,0.8571428571428574,2.7705109274700908,POINT (-79.41130265589997 43.76381930010001),-79.41130265589997,43.76381930010001,0.21483236392331279
Against the Grain,1.0,43.64356720000004,-79.36639940000019,2.5,0.39919354838709675,0.2217741935483871,2.7580645161290325,6131.0,37384.98387096774,,,2.8065033861095112,0.08064516129032269,2.680202078070351,0.09274193548387095,2.6740733316803578,0.09274193548387095,2.736797349294618,POINT (-79.36639940000019 43.64356720000004),-79.36639940000019,43.64356720000004,0.20738580317966054
The Pint,1.0,43.643905999999916,-79.38841899999991,3.0,0.35714285714285715,0.30952380952380953,2.9285714285714284,4526.0,36351.82142857143,,,,,2.6824085961881656,0.08333333333333323,2.6798104617534455,0.08333333333333323,2.736225462169296,POINT (-79.38841899999991 43.64390599999992),-79.38841899999991,43.643905999999916,0.20725948635280053
Tortilla Flats,0.0,43.648188499999954,-79.3995907999999,2.5,0.45918367346938777,0.5714285714285714,2.510204081632653,3325.0,43022.82653061225,,,,,2.6305375551039565,0.16326530612244913,2.62397828698704,0.16326530612244913,2.7332952232785783,POINT (-79.3995907999999 43.64818849999995),-79.3995907999999,43.648188499999954,0.20661226339178554
Taco Del Mar,1.0,43.641647750300024,-79.3808406772,2.5,0.05263157894736842,0.07894736842105263,2.3157894736842106,6569.0,42446.57894736842,,,2.6314926901685696,0.31578947368421056,2.3355013682772108,0.5789473684210525,2.3325880832335595,0.5789473684210525,2.695854596578525,POINT (-79.3808406772 43.64164775030002),-79.3808406772,43.641647750300024,0.198342482606393
Milestones Restaurants,0.6150870406189555,43.69960601996719,-79.36890409854597,2.730174081237911,0.344294003868472,0.24758220502901354,2.711798839458414,2426.166344294004,39623.307543520306,,,,,2.6335263995531193,0.05031446540880555,2.6350275653888797,0.05031446540880555,2.6683819021339934,POINT (-79.36890409854597 43.69960601996719),-79.36890409854597,43.69960601996719,0.19227439078569644
St. Louis Bar & Grill,0.9578947368421052,43.67919512504448,-79.39328476408043,2.725263157894737,0.22736842105263158,0.2631578947368421,2.7263157894736842,3673.056842105263,39527.0147368421,,,,,2.589941299199893,0.09999999999999991,2.602489122753656,0.09999999999999991,2.6683714485596797,POINT (-79.39328476408043 43.67919512504448),-79.39328476408043,43.67919512504448,0.1922720818294738
Wayne Gretzky's,1.0,43.64533049999971,-79.39184200000055,3.0,0.25,0.25,2.9141791044776117,4450.0,39891.81343283582,,,,,2.616216846816844,0.029850746268656567,2.612882870245391,0.029850746268656567,2.6324549354032514,POINT (-79.39184200000055 43.64533049999971),-79.39184200000055,43.64533049999971,0.18433894297582035
KFC,0.9148936170212766,43.67265981060641,-79.37968201372338,2.1117021276595747,0.35106382978723405,0.7446808510638298,2.117021276595745,1933.723404255319,40322.81914893617,,,,,2.3824905268253307,0.36363636363636354,2.3937290133007156,0.36363636363636354,2.6215388627082774,POINT (-79.37968201372338 43.67265981060641),-79.37968201372338,43.67265981060641,0.18192783140581248
BarBurrito - Sheppard,1.0,43.76426710000005,-79.41203270000004,2.5,0.2765957446808511,0.3404255319148936,2.25531914893617,6520.0,38999.17021276596,,,,,2.245370667868585,0.2553191489361702,2.2666758323106633,0.2553191489361702,2.416074593541772,POINT (-79.41203270000004 43.76426710000005),-79.41203270000004,43.76426710000005,0.13654545896717307
Watermark Irish Pub,0.0,43.63865971129997,-79.38069660000006,2.0,0.4,0.33043478260869563,2.139130434782609,2352.0,41741.11304347826,,,,,2.0330884326417844,0.06086956521739138,2.0057669270678677,0.06086956521739138,2.0365228864888354,POINT (-79.38069660000006 43.63865971129997),-79.38069660000006,43.63865971129997,0.05271114072257926
Mucho Burrito,0.8918918918918919,43.71986281038108,-79.30899181920906,2.454954954954955,0.46846846846846846,0.3063063063063063,2.5585585585585586,4592.081081081081,44201.02702702703,,,,,1.696518922371223,0.26086956521739135,1.6843670824334445,0.26086956521739135,1.7978783330305306,POINT (-79.30899181920906 43.71986281038108),-79.30899181920906,43.71986281038108,0.0
